seed,length,condition,mean_reward
0,0.1,fixed,302.2
0,0.1,domain_rand,500.0
0,0.3,fixed,500.0
0,0.3,domain_rand,500.0
0,0.5,fixed,500.0
0,0.5,domain_rand,500.0
0,0.7,fixed,500.0
0,0.7,domain_rand,500.0
0,0.9,fixed,21.4
0,0.9,domain_rand,500.0
0,1.1,fixed,14.0
0,1.1,domain_rand,500.0
0,1.3,fixed,15.0
0,1.3,domain_rand,500.0
0,1.5,fixed,16.0
0,1.5,domain_rand,500.0
0,1.7,fixed,17.4
0,1.7,domain_rand,500.0
0,1.9,fixed,18.6
0,1.9,domain_rand,277.2
0,2.1,fixed,19.6
0,2.1,domain_rand,67.0
0,2.3,fixed,17.8
0,2.3,domain_rand,74.6
0,2.5,fixed,21.2
0,2.5,domain_rand,51.0
0,2.7,fixed,21.0
0,2.7,domain_rand,47.6
0,2.9,fixed,22.6
0,2.9,domain_rand,32.6
1,0.1,fixed,489.2
1,0.1,domain_rand,500.0
1,0.3,fixed,500.0
1,0.3,domain_rand,500.0
1,0.5,fixed,500.0
1,0.5,domain_rand,500.0
1,0.7,fixed,500.0
1,0.7,domain_rand,500.0
1,0.9,fixed,500.0
1,0.9,domain_rand,500.0
1,1.1,fixed,39.0
1,1.1,domain_rand,500.0
1,1.3,fixed,15.6
1,1.3,domain_rand,27.8
1,1.5,fixed,16.4
1,1.5,domain_rand,17.0
1,1.7,fixed,17.6
1,1.7,domain_rand,17.2
1,1.9,fixed,18.4
1,1.9,domain_rand,18.6
1,2.1,fixed,19.2
1,2.1,domain_rand,19.0
1,2.3,fixed,20.0
1,2.3,domain_rand,21.0
1,2.5,fixed,21.4
1,2.5,domain_rand,20.4
1,2.7,fixed,22.4
1,2.7,domain_rand,21.2
1,2.9,fixed,22.8
1,2.9,domain_rand,22.2
2,0.1,fixed,437.4
2,0.1,domain_rand,441.8
2,0.3,fixed,500.0
2,0.3,domain_rand,500.0
2,0.5,fixed,500.0
2,0.5,domain_rand,500.0
2,0.7,fixed,500.0
2,0.7,domain_rand,500.0
2,0.9,fixed,500.0
2,0.9,domain_rand,500.0
2,1.1,fixed,54.8
2,1.1,domain_rand,500.0
2,1.3,fixed,21.6
2,1.3,domain_rand,500.0
2,1.5,fixed,16.0
2,1.5,domain_rand,42.8
2,1.7,fixed,17.6
2,1.7,domain_rand,25.0
2,1.9,fixed,18.2
2,1.9,domain_rand,18.8
2,2.1,fixed,19.2
2,2.1,domain_rand,19.2
2,2.3,fixed,19.4
2,2.3,domain_rand,20.2
2,2.5,fixed,21.2
2,2.5,domain_rand,20.6
2,2.7,fixed,21.0
2,2.7,domain_rand,22.0
2,2.9,fixed,22.4
2,2.9,domain_rand,22.8
