condition,length,mean,std
domain_rand,0.1,480.59999999999997,33.60178566683622
domain_rand,0.3,500.0,0.0
domain_rand,0.5,500.0,0.0
domain_rand,0.7,500.0,0.0
domain_rand,0.9,500.0,0.0
domain_rand,1.1,500.0,0.0
domain_rand,1.3,342.59999999999997,272.6247971113413
domain_rand,1.5,186.6,271.718751653249
domain_rand,1.7,180.73333333333335,276.52054775971595
domain_rand,1.9,104.86666666666666,149.24507808746435
domain_rand,2.1,35.06666666666667,27.655258692215
domain_rand,2.3,38.6,31.17948043184812
domain_rand,2.5,30.666666666666668,17.60946715074972
domain_rand,2.7,30.266666666666666,15.01643544032116
domain_rand,2.9,25.866666666666664,5.838949677239335
fixed,0.1,409.59999999999997,96.54988347999183
fixed,0.3,500.0,0.0
fixed,0.5,500.0,0.0
fixed,0.7,500.0,0.0
fixed,0.9,340.46666666666664,276.3198388341549
fixed,1.1,35.93333333333333,20.572149458268413
fixed,1.3,17.400000000000002,3.6496575181789317
fixed,1.5,16.133333333333333,0.2309401076758495
fixed,1.7,17.533333333333335,0.11547005383792654
fixed,1.9,18.400000000000002,0.20000000000000062
fixed,2.1,19.333333333333332,0.23094010767585024
fixed,2.3,19.066666666666666,1.1372481406154658
fixed,2.5,21.266666666666666,0.11547005383792526
fixed,2.7,21.46666666666667,0.808290376865475
fixed,2.9,22.599999999999998,0.2000000000000015
