value,fixed_mean,fixed_std,dr_mean,dr_std
0.1,472.4,45.013775669232636,491.8,16.400000000000002
0.3,500.0,0.0,500.0,0.0
0.5,500.0,0.0,500.0,0.0
0.7,500.0,0.0,500.0,0.0
0.9,500.0,0.0,500.0,0.0
1.1,500.0,0.0,330.2,207.96384301123115
1.3,500.0,0.0,22.4,9.891410415102591
1.5,49.8,8.37615663654877,16.0,0.0
1.7,23.8,11.106754701531855,16.8,0.39999999999999997
1.9,18.0,0.6324555320336759,18.2,0.39999999999999997
2.1,19.2,0.39999999999999997,19.8,0.39999999999999997
2.3,20.2,0.7483314773547882,20.0,0.6324555320336759
2.5,21.2,0.9797958971132713,21.4,0.4898979485566356
2.7,21.8,0.39999999999999997,21.2,0.7483314773547882
2.9,22.6,1.0198039027185568,22.4,1.0198039027185568
